,iiserid,name,courseid,email,website
0,108,MS Madhusudhan,bi3134,madhusudhan@iiserpune.ac.in,https://www.iiserpune.ac.in/people/faculty-details/108
1,11,Deepak Barua,bi3184,dbarua@iiserpune.ac.in,https://www.iiserpune.ac.in/people/faculty-details/11
2,202,Raghav Rajan,bio491,raghav@iiserpune.ac.in,https://www.iiserpune.ac.in/people/faculty-details/202
3,155,Gayathri Pananghat,bi3124,gayathri@iiserpune.ac.in,https://www.iiserpune.ac.in/people/faculty-details/155
4,161,Siddhesh Kamat,bi3174,siddhesh@iiserpune.ac.in,https://www.iiserpune.ac.in/people/faculty-details/161
5,48,Girish Ratnaparkhi,bi3194,girish@iiserpune.ac.in,https://www.iiserpune.ac.in/people/faculty-details/48
6,49,Richa Rikhy,bi3194,richa@iiserpune.ac.in,https://www.iiserpune.ac.in/people/faculty-details/49
7,30,Saikrishnan Kayarat,bi3323,saikrishnan@iiserpune.ac.in,https://www.iiserpune.ac.in/people/faculty-details/30
