,iiserid,name,courseid,email,website
0,75,Srinivas Hotha,chm321,s.hotha@iiserpune.ac.in,https://www.iiserpune.ac.in/people/faculty-details/75
1,25,Sujit Ghosh,chm322,sghosh@iiserpune.ac.in,https://www.iiserpune.ac.in/people/faculty-details/25
2,130,Pramod Pillai,chm323,pramod.pillai@iiserpune.ac.in,https://www.iiserpune.ac.in/people/faculty-details/130
3,60,Arun Venkatanathan,chm310,arun@iiserpune.ac.in,https://www.iiserpune.ac.in/people/faculty-details/60
4,111,Jeetender Chugh,chm320,cjeet@iiserpune.ac.in,https://www.iiserpune.ac.in/people/faculty-details/111
5,128,S Sandanaraj Britto,chm332,sandanaraj.britto@iiserpune.ac.in,https://www.iiserpune.ac.in/people/faculty-details/128
6,142,Moumita Majumdar,chm312,moumitam@iiserpune.ac.in,https://www.iiserpune.ac.in/people/faculty-details/142
