,iiserid,name,courseid,email,website
0,37,Soumen Maity,mth413,soumen@iiserpune.ac.in,https://www.iiserpune.ac.in/people/faculty-details/37
1,205,Moumanti Podder,mth415,moumanti@iiserpune.ac.in,https://www.iiserpune.ac.in/people/faculty-details/205
2,208,Divyang Bhimani,mth421,divyang.bhimani@iiserpune.ac.in,https://www.iiserpune.ac.in/people/faculty-details/208
3,90,Anindya Goswami,mt3164,anindya@iiserpune.ac.in,https://www.iiserpune.ac.in/people/faculty-details/90
4,102,Steven Spallone,mt3144,sspallone@iiserpune.ac.in,https://www.iiserpune.ac.in/people/faculty-details/102
5,53,Anupam Kumar Singh,mt3174,anupam@iiserpune.ac.in,https://www.iiserpune.ac.in/people/faculty-details/53
6,146,Chandrasheel Bhagwat,mth450,cbhagwat@iiserpune.ac.in,https://www.iiserpune.ac.in/people/faculty-details/146
7,125,Tejas Kalelkar,mth412,tejas@iiserpune.ac.in,https://www.iiserpune.ac.in/people/faculty-details/125
8,109,Kaneenika Sinha,mth449,kaneenika@iiserpune.ac.in,https://www.iiserpune.ac.in/people/faculty-details/109
9,35,Ayan Mahalanobis,mt3124,ayan@iiserpune.ac.in,https://www.iiserpune.ac.in/people/faculty-details/35
10,1000,Pallavi Manohar,mt3184,pallavi@acads.iiserpune.ac.in,
11,90,Anindya Goswami,mt3184,anindya@iiserpune.ac.in,https://www.iiserpune.ac.in/people/faculty-details/90
